protocol_type,scenario_id,iteration,total_latency_ms,protocol_overhead_ms,token_count,tools_called,timestamp
traditional,S1,0,1156.77,0.0,492,1,2026-04-12T19:54:07.372533
traditional,S1,1,1410.6,0.0,412,1,2026-04-12T19:54:07.372582
traditional,S1,2,1134.91,0.0,515,1,2026-04-12T19:54:07.372609
traditional,S1,3,1549.07,0.0,556,1,2026-04-12T19:54:07.372630
traditional,S1,4,1273.9,0.0,587,1,2026-04-12T19:54:07.372651
traditional,S1,5,1168.1,0.0,471,1,2026-04-12T19:54:07.372671
traditional,S1,6,1462.02,0.0,495,1,2026-04-12T19:54:07.372694
traditional,S1,7,1274.46,0.0,395,1,2026-04-12T19:54:07.372713
traditional,S1,8,650.0,0.0,450,1,2026-04-12T19:54:07.372734
traditional,S1,9,1462.8,0.0,389,1,2026-04-12T19:54:07.372753
traditional,S1,10,1174.13,0.0,487,1,2026-04-12T19:54:07.372774
traditional,S1,11,1445.59,0.0,515,1,2026-04-12T19:54:07.372793
traditional,S1,12,1011.9,0.0,451,1,2026-04-12T19:54:07.372817
traditional,S1,13,1349.8,0.0,578,1,2026-04-12T19:54:07.372851
traditional,S1,14,1430.54,0.0,602,1,2026-04-12T19:54:07.372876
traditional,S1,15,1450.75,0.0,436,1,2026-04-12T19:54:07.372903
traditional,S1,16,1485.87,0.0,414,1,2026-04-12T19:54:07.372934
traditional,S1,17,1275.97,0.0,511,1,2026-04-12T19:54:07.372959
traditional,S1,18,1385.99,0.0,456,1,2026-04-12T19:54:07.372983
traditional,S1,19,950.53,0.0,460,1,2026-04-12T19:54:07.373006
traditional,S1,20,982.96,0.0,454,1,2026-04-12T19:54:07.373025
traditional,S1,21,875.26,0.0,603,1,2026-04-12T19:54:07.373038
traditional,S1,22,1278.41,0.0,533,1,2026-04-12T19:54:07.373051
traditional,S1,23,1468.01,0.0,486,1,2026-04-12T19:54:07.373064
traditional,S1,24,1568.08,0.0,536,1,2026-04-12T19:54:07.373077
traditional,S1,25,1092.34,0.0,461,1,2026-04-12T19:54:07.373237
traditional,S1,26,1154.69,0.0,607,1,2026-04-12T19:54:07.373271
traditional,S1,27,1406.67,0.0,618,1,2026-04-12T19:54:07.373343
traditional,S1,28,1011.78,0.0,533,1,2026-04-12T19:54:07.373384
traditional,S1,29,883.47,0.0,431,1,2026-04-12T19:54:07.373409
traditional,S1,30,1229.33,0.0,429,1,2026-04-12T19:54:07.373432
traditional,S1,31,837.11,0.0,502,1,2026-04-12T19:54:07.373454
traditional,S1,32,1609.71,0.0,419,1,2026-04-12T19:54:07.373563
traditional,S1,33,1296.94,0.0,527,1,2026-04-12T19:54:07.373606
traditional,S1,34,1660.06,0.0,549,1,2026-04-12T19:54:07.373636
traditional,S1,35,1043.51,0.0,452,1,2026-04-12T19:54:07.373662
traditional,S1,36,1016.69,0.0,498,1,2026-04-12T19:54:07.373686
traditional,S1,37,1081.36,0.0,478,1,2026-04-12T19:54:07.373711
traditional,S1,38,864.83,0.0,541,1,2026-04-12T19:54:07.373735
traditional,S1,39,1347.5,0.0,459,1,2026-04-12T19:54:07.373759
traditional,S1,40,1582.22,0.0,547,1,2026-04-12T19:54:07.373784
traditional,S1,41,1845.84,0.0,551,1,2026-04-12T19:54:07.373808
traditional,S1,42,1235.61,0.0,557,1,2026-04-12T19:54:07.373832
traditional,S1,43,1046.14,0.0,498,1,2026-04-12T19:54:07.373855
traditional,S1,44,1461.33,0.0,526,1,2026-04-12T19:54:07.373879
traditional,S1,45,1355.47,0.0,376,1,2026-04-12T19:54:07.373903
traditional,S1,46,976.42,0.0,545,1,2026-04-12T19:54:07.373927
traditional,S1,47,1026.74,0.0,447,1,2026-04-12T19:54:07.373950
traditional,S1,48,1200.83,0.0,615,1,2026-04-12T19:54:07.373974
traditional,S1,49,1408.59,0.0,752,1,2026-04-12T19:54:07.373997
traditional,S1,50,1872.28,0.0,482,1,2026-04-12T19:54:07.374162
traditional,S1,51,1052.75,0.0,535,1,2026-04-12T19:54:07.374190
traditional,S1,52,650.0,0.0,628,1,2026-04-12T19:54:07.374245
traditional,S1,53,1722.87,0.0,383,1,2026-04-12T19:54:07.374286
traditional,S1,54,751.41,0.0,478,1,2026-04-12T19:54:07.374313
traditional,S1,55,1408.0,0.0,424,1,2026-04-12T19:54:07.374337
traditional,S1,56,1572.07,0.0,500,1,2026-04-12T19:54:07.374368
traditional,S1,57,1189.48,0.0,527,1,2026-04-12T19:54:07.374393
traditional,S1,58,827.94,0.0,451,1,2026-04-12T19:54:07.374418
traditional,S1,59,1350.96,0.0,529,1,2026-04-12T19:54:07.374432
traditional,S1,60,852.91,0.0,505,1,2026-04-12T19:54:07.374447
traditional,S1,61,1100.02,0.0,482,1,2026-04-12T19:54:07.374460
traditional,S1,62,1080.3,0.0,446,1,2026-04-12T19:54:07.374474
traditional,S1,63,1658.2,0.0,301,1,2026-04-12T19:54:07.374488
traditional,S1,64,1386.1,0.0,520,1,2026-04-12T19:54:07.374505
traditional,S1,65,1894.85,0.0,536,1,2026-04-12T19:54:07.374520
traditional,S1,66,1434.95,0.0,381,1,2026-04-12T19:54:07.374534
traditional,S1,67,650.0,0.0,621,1,2026-04-12T19:54:07.374547
traditional,S1,68,832.73,0.0,382,1,2026-04-12T19:54:07.374561
traditional,S1,69,1311.02,0.0,452,1,2026-04-12T19:54:07.374573
traditional,S1,70,1159.09,0.0,454,1,2026-04-12T19:54:07.374586
traditional,S1,71,1024.56,0.0,586,1,2026-04-12T19:54:07.374599
traditional,S1,72,985.85,0.0,557,1,2026-04-12T19:54:07.374612
traditional,S1,73,1211.48,0.0,524,1,2026-04-12T19:54:07.374624
traditional,S1,74,1162.42,0.0,539,1,2026-04-12T19:54:07.374637
traditional,S1,75,1483.04,0.0,380,1,2026-04-12T19:54:07.374792
traditional,S1,76,1293.59,0.0,517,1,2026-04-12T19:54:07.374830
traditional,S1,77,1799.81,0.0,563,1,2026-04-12T19:54:07.374861
traditional,S1,78,1200.41,0.0,540,1,2026-04-12T19:54:07.374889
traditional,S1,79,650.0,0.0,471,1,2026-04-12T19:54:07.374913
traditional,S1,80,1740.95,0.0,388,1,2026-04-12T19:54:07.374938
traditional,S1,81,650.0,0.0,484,1,2026-04-12T19:54:07.374960
traditional,S1,82,1393.19,0.0,389,1,2026-04-12T19:54:07.374984
traditional,S1,83,980.66,0.0,625,1,2026-04-12T19:54:07.375008
traditional,S1,84,1295.22,0.0,604,1,2026-04-12T19:54:07.375038
traditional,S1,85,1263.19,0.0,509,1,2026-04-12T19:54:07.375064
traditional,S1,86,916.87,0.0,629,1,2026-04-12T19:54:07.375088
traditional,S1,87,1149.87,0.0,389,1,2026-04-12T19:54:07.375111
traditional,S1,88,1337.83,0.0,503,1,2026-04-12T19:54:07.375135
traditional,S1,89,1165.21,0.0,510,1,2026-04-12T19:54:07.375210
traditional,S1,90,1165.02,0.0,434,1,2026-04-12T19:54:07.375279
traditional,S1,91,977.78,0.0,455,1,2026-04-12T19:54:07.375308
traditional,S1,92,1883.8,0.0,479,1,2026-04-12T19:54:07.375333
traditional,S1,93,1085.56,0.0,461,1,2026-04-12T19:54:07.375360
traditional,S1,94,1062.17,0.0,443,1,2026-04-12T19:54:07.375382
traditional,S1,95,1736.01,0.0,501,1,2026-04-12T19:54:07.375404
traditional,S1,96,994.59,0.0,547,1,2026-04-12T19:54:07.375427
traditional,S1,97,1424.74,0.0,412,1,2026-04-12T19:54:07.375449
traditional,S1,98,1081.04,0.0,593,1,2026-04-12T19:54:07.375471
traditional,S1,99,1200.63,0.0,412,1,2026-04-12T19:54:07.375493
traditional,S2,0,1005.56,0.0,483,1,2026-04-12T19:54:07.375803
traditional,S2,1,1308.23,0.0,523,1,2026-04-12T19:54:07.375837
traditional,S2,2,1018.11,0.0,473,1,2026-04-12T19:54:07.375861
traditional,S2,3,745.18,0.0,522,1,2026-04-12T19:54:07.375881
traditional,S2,4,1211.04,0.0,579,1,2026-04-12T19:54:07.375902
traditional,S2,5,1105.5,0.0,467,1,2026-04-12T19:54:07.375923
traditional,S2,6,975.76,0.0,505,1,2026-04-12T19:54:07.375947
traditional,S2,7,1173.72,0.0,499,1,2026-04-12T19:54:07.375972
traditional,S2,8,1539.14,0.0,640,1,2026-04-12T19:54:07.376002
traditional,S2,9,1189.16,0.0,529,1,2026-04-12T19:54:07.376029
traditional,S2,10,758.75,0.0,307,1,2026-04-12T19:54:07.376054
traditional,S2,11,785.47,0.0,410,1,2026-04-12T19:54:07.376077
traditional,S2,12,1383.29,0.0,457,1,2026-04-12T19:54:07.376102
traditional,S2,13,902.07,0.0,514,1,2026-04-12T19:54:07.376127
traditional,S2,14,1236.12,0.0,418,1,2026-04-12T19:54:07.376149
traditional,S2,15,1028.16,0.0,506,1,2026-04-12T19:54:07.376172
traditional,S2,16,1041.45,0.0,499,1,2026-04-12T19:54:07.376193
traditional,S2,17,1658.45,0.0,570,1,2026-04-12T19:54:07.376215
traditional,S2,18,1023.71,0.0,493,1,2026-04-12T19:54:07.376238
traditional,S2,19,1512.96,0.0,431,1,2026-04-12T19:54:07.376260
traditional,S2,20,1176.16,0.0,492,1,2026-04-12T19:54:07.376274
traditional,S2,21,1602.88,0.0,561,1,2026-04-12T19:54:07.376289
traditional,S2,22,809.09,0.0,482,1,2026-04-12T19:54:07.376302
traditional,S2,23,1407.56,0.0,563,1,2026-04-12T19:54:07.376315
traditional,S2,24,1051.41,0.0,517,1,2026-04-12T19:54:07.376329
traditional,S2,25,1231.9,0.0,569,1,2026-04-12T19:54:07.376460
traditional,S2,26,1624.21,0.0,532,1,2026-04-12T19:54:07.376487
traditional,S2,27,1451.42,0.0,481,1,2026-04-12T19:54:07.376509
traditional,S2,28,1220.65,0.0,443,1,2026-04-12T19:54:07.376532
traditional,S2,29,650.0,0.0,516,1,2026-04-12T19:54:07.376571
traditional,S2,30,1478.44,0.0,486,1,2026-04-12T19:54:07.376592
traditional,S2,31,776.59,0.0,467,1,2026-04-12T19:54:07.376606
traditional,S2,32,1371.09,0.0,526,1,2026-04-12T19:54:07.376621
traditional,S2,33,1518.06,0.0,549,1,2026-04-12T19:54:07.376642
traditional,S2,34,1402.57,0.0,578,1,2026-04-12T19:54:07.376662
traditional,S2,35,1052.04,0.0,532,1,2026-04-12T19:54:07.376675
traditional,S2,36,1028.74,0.0,608,1,2026-04-12T19:54:07.376698
traditional,S2,37,1121.65,0.0,601,1,2026-04-12T19:54:07.376712
traditional,S2,38,1613.98,0.0,582,1,2026-04-12T19:54:07.376725
traditional,S2,39,871.7,0.0,610,1,2026-04-12T19:54:07.376738
traditional,S2,40,940.07,0.0,515,1,2026-04-12T19:54:07.376751
traditional,S2,41,1189.74,0.0,510,1,2026-04-12T19:54:07.376768
traditional,S2,42,828.87,0.0,410,1,2026-04-12T19:54:07.376781
traditional,S2,43,890.66,0.0,550,1,2026-04-12T19:54:07.376793
traditional,S2,44,865.02,0.0,461,1,2026-04-12T19:54:07.376806
traditional,S2,45,1391.47,0.0,549,1,2026-04-12T19:54:07.376819
traditional,S2,46,1365.08,0.0,450,1,2026-04-12T19:54:07.376832
traditional,S2,47,1290.58,0.0,630,1,2026-04-12T19:54:07.376845
traditional,S2,48,1326.47,0.0,595,1,2026-04-12T19:54:07.376857
traditional,S2,49,1721.23,0.0,505,1,2026-04-12T19:54:07.376873
traditional,S2,50,1611.12,0.0,527,1,2026-04-12T19:54:07.376992
traditional,S2,51,1236.25,0.0,444,1,2026-04-12T19:54:07.377017
traditional,S2,52,1377.08,0.0,523,1,2026-04-12T19:54:07.377046
traditional,S2,53,960.44,0.0,431,1,2026-04-12T19:54:07.377071
traditional,S2,54,1193.13,0.0,444,1,2026-04-12T19:54:07.377092
traditional,S2,55,971.9,0.0,541,1,2026-04-12T19:54:07.377106
traditional,S2,56,704.4,0.0,485,1,2026-04-12T19:54:07.377129
traditional,S2,57,1392.35,0.0,431,1,2026-04-12T19:54:07.377149
traditional,S2,58,1171.57,0.0,537,1,2026-04-12T19:54:07.377167
traditional,S2,59,1402.39,0.0,583,1,2026-04-12T19:54:07.377185
traditional,S2,60,1575.94,0.0,489,1,2026-04-12T19:54:07.377199
traditional,S2,61,1052.55,0.0,378,1,2026-04-12T19:54:07.377211
traditional,S2,62,882.67,0.0,519,1,2026-04-12T19:54:07.377225
traditional,S2,63,1289.27,0.0,393,1,2026-04-12T19:54:07.377237
traditional,S2,64,1577.75,0.0,553,1,2026-04-12T19:54:07.377250
traditional,S2,65,1256.36,0.0,489,1,2026-04-12T19:54:07.377263
traditional,S2,66,1237.12,0.0,422,1,2026-04-12T19:54:07.377278
traditional,S2,67,992.42,0.0,445,1,2026-04-12T19:54:07.377294
traditional,S2,68,1455.6,0.0,484,1,2026-04-12T19:54:07.377308
traditional,S2,69,916.39,0.0,541,1,2026-04-12T19:54:07.377323
traditional,S2,70,1106.43,0.0,476,1,2026-04-12T19:54:07.377336
traditional,S2,71,1305.19,0.0,430,1,2026-04-12T19:54:07.377348
traditional,S2,72,1254.58,0.0,597,1,2026-04-12T19:54:07.377360
traditional,S2,73,884.24,0.0,589,1,2026-04-12T19:54:07.377376
traditional,S2,74,829.95,0.0,360,1,2026-04-12T19:54:07.377388
traditional,S2,75,1370.52,0.0,585,1,2026-04-12T19:54:07.377513
traditional,S2,76,1329.66,0.0,550,1,2026-04-12T19:54:07.377540
traditional,S2,77,810.67,0.0,591,1,2026-04-12T19:54:07.377567
traditional,S2,78,1530.78,0.0,471,1,2026-04-12T19:54:07.377592
traditional,S2,79,1204.79,0.0,460,1,2026-04-12T19:54:07.377607
traditional,S2,80,1844.11,0.0,603,1,2026-04-12T19:54:07.377622
traditional,S2,81,863.32,0.0,598,1,2026-04-12T19:54:07.377636
traditional,S2,82,1688.07,0.0,506,1,2026-04-12T19:54:07.377658
traditional,S2,83,1280.28,0.0,559,1,2026-04-12T19:54:07.377678
traditional,S2,84,1068.95,0.0,497,1,2026-04-12T19:54:07.377700
traditional,S2,85,1420.57,0.0,528,1,2026-04-12T19:54:07.377718
traditional,S2,86,1028.05,0.0,660,1,2026-04-12T19:54:07.377732
traditional,S2,87,850.67,0.0,496,1,2026-04-12T19:54:07.377745
traditional,S2,88,902.73,0.0,571,1,2026-04-12T19:54:07.377769
traditional,S2,89,1167.24,0.0,475,1,2026-04-12T19:54:07.377793
traditional,S2,90,1217.02,0.0,416,1,2026-04-12T19:54:07.377812
traditional,S2,91,997.99,0.0,556,1,2026-04-12T19:54:07.377833
traditional,S2,92,1783.25,0.0,612,1,2026-04-12T19:54:07.377855
traditional,S2,93,1059.78,0.0,422,1,2026-04-12T19:54:07.377876
traditional,S2,94,1862.08,0.0,489,1,2026-04-12T19:54:07.377897
traditional,S2,95,1235.97,0.0,404,1,2026-04-12T19:54:07.377917
traditional,S2,96,1116.52,0.0,635,1,2026-04-12T19:54:07.377939
traditional,S2,97,1172.24,0.0,424,1,2026-04-12T19:54:07.377964
traditional,S2,98,1635.13,0.0,413,1,2026-04-12T19:54:07.377990
traditional,S2,99,1722.83,0.0,564,1,2026-04-12T19:54:07.378008
traditional,S3,0,1148.24,0.0,502,1,2026-04-12T19:54:07.378266
traditional,S3,1,650.0,0.0,567,1,2026-04-12T19:54:07.378306
traditional,S3,2,844.15,0.0,464,1,2026-04-12T19:54:07.378334
traditional,S3,3,1273.21,0.0,457,1,2026-04-12T19:54:07.378358
traditional,S3,4,1214.32,0.0,485,1,2026-04-12T19:54:07.378382
traditional,S3,5,731.35,0.0,450,1,2026-04-12T19:54:07.378405
traditional,S3,6,1548.3,0.0,515,1,2026-04-12T19:54:07.378430
traditional,S3,7,1281.69,0.0,566,1,2026-04-12T19:54:07.378455
traditional,S3,8,872.9,0.0,489,1,2026-04-12T19:54:07.378478
traditional,S3,9,896.44,0.0,560,1,2026-04-12T19:54:07.378500
traditional,S3,10,956.59,0.0,567,1,2026-04-12T19:54:07.378521
traditional,S3,11,726.12,0.0,531,1,2026-04-12T19:54:07.378544
traditional,S3,12,1101.11,0.0,403,1,2026-04-12T19:54:07.378567
traditional,S3,13,1141.7,0.0,379,1,2026-04-12T19:54:07.378589
traditional,S3,14,1193.5,0.0,456,1,2026-04-12T19:54:07.378613
traditional,S3,15,1446.55,0.0,423,1,2026-04-12T19:54:07.378637
traditional,S3,16,1712.85,0.0,532,1,2026-04-12T19:54:07.378668
traditional,S3,17,1480.05,0.0,420,1,2026-04-12T19:54:07.378693
traditional,S3,18,1258.63,0.0,543,1,2026-04-12T19:54:07.378716
traditional,S3,19,897.41,0.0,529,1,2026-04-12T19:54:07.378738
traditional,S3,20,1194.24,0.0,583,1,2026-04-12T19:54:07.378761
traditional,S3,21,1231.99,0.0,479,1,2026-04-12T19:54:07.378781
traditional,S3,22,974.4,0.0,562,1,2026-04-12T19:54:07.378808
traditional,S3,23,958.43,0.0,518,1,2026-04-12T19:54:07.378829
traditional,S3,24,980.46,0.0,488,1,2026-04-12T19:54:07.378852
traditional,S3,25,1028.67,0.0,501,1,2026-04-12T19:54:07.379336
traditional,S3,26,1140.62,0.0,573,1,2026-04-12T19:54:07.379373
traditional,S3,27,744.07,0.0,434,1,2026-04-12T19:54:07.379399
traditional,S3,28,1078.86,0.0,601,1,2026-04-12T19:54:07.379428
traditional,S3,29,1025.77,0.0,418,1,2026-04-12T19:54:07.379451
traditional,S3,30,890.64,0.0,377,1,2026-04-12T19:54:07.379474
traditional,S3,31,732.1,0.0,497,1,2026-04-12T19:54:07.379496
traditional,S3,32,1185.58,0.0,469,1,2026-04-12T19:54:07.379518
traditional,S3,33,1677.86,0.0,572,1,2026-04-12T19:54:07.379548
traditional,S3,34,650.0,0.0,484,1,2026-04-12T19:54:07.379572
traditional,S3,35,997.71,0.0,394,1,2026-04-12T19:54:07.379593
traditional,S3,36,1121.49,0.0,540,1,2026-04-12T19:54:07.379617
traditional,S3,37,1161.82,0.0,547,1,2026-04-12T19:54:07.379644
traditional,S3,38,1730.68,0.0,461,1,2026-04-12T19:54:07.379668
traditional,S3,39,1596.27,0.0,432,1,2026-04-12T19:54:07.379690
traditional,S3,40,1013.58,0.0,448,1,2026-04-12T19:54:07.379711
traditional,S3,41,650.0,0.0,509,1,2026-04-12T19:54:07.379733
traditional,S3,42,650.0,0.0,453,1,2026-04-12T19:54:07.379755
traditional,S3,43,1306.67,0.0,542,1,2026-04-12T19:54:07.379775
traditional,S3,44,1663.19,0.0,615,1,2026-04-12T19:54:07.379796
traditional,S3,45,1529.28,0.0,524,1,2026-04-12T19:54:07.379818
traditional,S3,46,963.03,0.0,429,1,2026-04-12T19:54:07.379851
traditional,S3,47,1095.88,0.0,555,1,2026-04-12T19:54:07.379875
traditional,S3,48,893.44,0.0,513,1,2026-04-12T19:54:07.379902
traditional,S3,49,1176.79,0.0,374,1,2026-04-12T19:54:07.379924
traditional,S3,50,1570.34,0.0,515,1,2026-04-12T19:54:07.380333
traditional,S3,51,971.64,0.0,478,1,2026-04-12T19:54:07.380436
traditional,S3,52,1390.88,0.0,435,1,2026-04-12T19:54:07.380470
traditional,S3,53,833.13,0.0,617,1,2026-04-12T19:54:07.380541
traditional,S3,54,1471.96,0.0,588,1,2026-04-12T19:54:07.380578
traditional,S3,55,1413.39,0.0,565,1,2026-04-12T19:54:07.380600
traditional,S3,56,1586.82,0.0,646,1,2026-04-12T19:54:07.380620
traditional,S3,57,1210.57,0.0,546,1,2026-04-12T19:54:07.380640
traditional,S3,58,1163.65,0.0,521,1,2026-04-12T19:54:07.380660
traditional,S3,59,1249.41,0.0,496,1,2026-04-12T19:54:07.380678
traditional,S3,60,1180.93,0.0,427,1,2026-04-12T19:54:07.380710
traditional,S3,61,858.93,0.0,473,1,2026-04-12T19:54:07.380732
traditional,S3,62,1284.13,0.0,505,1,2026-04-12T19:54:07.380760
traditional,S3,63,650.0,0.0,359,1,2026-04-12T19:54:07.380782
traditional,S3,64,898.62,0.0,505,1,2026-04-12T19:54:07.380805
traditional,S3,65,879.42,0.0,531,1,2026-04-12T19:54:07.380828
traditional,S3,66,1420.4,0.0,510,1,2026-04-12T19:54:07.380852
traditional,S3,67,919.31,0.0,581,1,2026-04-12T19:54:07.380872
traditional,S3,68,1091.88,0.0,477,1,2026-04-12T19:54:07.380905
traditional,S3,69,650.0,0.0,489,1,2026-04-12T19:54:07.380938
traditional,S3,70,993.85,0.0,508,1,2026-04-12T19:54:07.380959
traditional,S3,71,1479.63,0.0,569,1,2026-04-12T19:54:07.380986
traditional,S3,72,1078.44,0.0,535,1,2026-04-12T19:54:07.381009
traditional,S3,73,1147.97,0.0,532,1,2026-04-12T19:54:07.381033
traditional,S3,74,1344.75,0.0,411,1,2026-04-12T19:54:07.381056
traditional,S3,75,1000.84,0.0,558,1,2026-04-12T19:54:07.381575
traditional,S3,76,1201.08,0.0,369,1,2026-04-12T19:54:07.381614
traditional,S3,77,650.0,0.0,472,1,2026-04-12T19:54:07.381639
traditional,S3,78,1081.77,0.0,492,1,2026-04-12T19:54:07.381664
traditional,S3,79,1564.47,0.0,488,1,2026-04-12T19:54:07.381692
traditional,S3,80,1657.56,0.0,372,1,2026-04-12T19:54:07.381715
traditional,S3,81,823.95,0.0,653,1,2026-04-12T19:54:07.381736
traditional,S3,82,1179.3,0.0,539,1,2026-04-12T19:54:07.381765
traditional,S3,83,953.38,0.0,633,1,2026-04-12T19:54:07.381789
traditional,S3,84,1065.26,0.0,522,1,2026-04-12T19:54:07.381855
traditional,S3,85,1144.42,0.0,536,1,2026-04-12T19:54:07.381896
traditional,S3,86,871.47,0.0,581,1,2026-04-12T19:54:07.381924
traditional,S3,87,817.04,0.0,542,1,2026-04-12T19:54:07.381947
traditional,S3,88,1090.07,0.0,449,1,2026-04-12T19:54:07.381970
traditional,S3,89,905.67,0.0,517,1,2026-04-12T19:54:07.381993
traditional,S3,90,978.52,0.0,517,1,2026-04-12T19:54:07.382015
traditional,S3,91,887.95,0.0,569,1,2026-04-12T19:54:07.382037
traditional,S3,92,1453.8,0.0,509,1,2026-04-12T19:54:07.382065
traditional,S3,93,1358.19,0.0,502,1,2026-04-12T19:54:07.382087
traditional,S3,94,1332.08,0.0,554,1,2026-04-12T19:54:07.382110
traditional,S3,95,861.51,0.0,506,1,2026-04-12T19:54:07.382131
traditional,S3,96,1256.31,0.0,537,1,2026-04-12T19:54:07.382153
traditional,S3,97,916.13,0.0,404,1,2026-04-12T19:54:07.382175
traditional,S3,98,1246.16,0.0,499,1,2026-04-12T19:54:07.382198
traditional,S3,99,1680.92,0.0,540,1,2026-04-12T19:54:07.382219
traditional,M1,0,1325.32,0.0,448,3,2026-04-12T19:54:07.382477
traditional,M1,1,1006.34,0.0,497,3,2026-04-12T19:54:07.382505
traditional,M1,2,1376.42,0.0,585,3,2026-04-12T19:54:07.382530
traditional,M1,3,1435.31,0.0,467,3,2026-04-12T19:54:07.382553
traditional,M1,4,1287.53,0.0,468,3,2026-04-12T19:54:07.382576
traditional,M1,5,1358.25,0.0,485,3,2026-04-12T19:54:07.382598
traditional,M1,6,1250.11,0.0,432,3,2026-04-12T19:54:07.382621
traditional,M1,7,693.45,0.0,566,3,2026-04-12T19:54:07.382643
traditional,M1,8,774.79,0.0,409,3,2026-04-12T19:54:07.382664
traditional,M1,9,1076.96,0.0,459,3,2026-04-12T19:54:07.382690
traditional,M1,10,1534.97,0.0,523,3,2026-04-12T19:54:07.382714
traditional,M1,11,1505.58,0.0,511,3,2026-04-12T19:54:07.382736
traditional,M1,12,1454.66,0.0,417,3,2026-04-12T19:54:07.382759
traditional,M1,13,1185.15,0.0,504,3,2026-04-12T19:54:07.382779
traditional,M1,14,1359.96,0.0,410,3,2026-04-12T19:54:07.382802
traditional,M1,15,1507.03,0.0,535,3,2026-04-12T19:54:07.382826
traditional,M1,16,936.94,0.0,577,3,2026-04-12T19:54:07.382849
traditional,M1,17,1194.72,0.0,448,3,2026-04-12T19:54:07.382875
traditional,M1,18,1357.2,0.0,552,3,2026-04-12T19:54:07.382904
traditional,M1,19,1501.02,0.0,396,3,2026-04-12T19:54:07.382930
traditional,M1,20,1322.38,0.0,509,3,2026-04-12T19:54:07.382951
traditional,M1,21,979.12,0.0,398,3,2026-04-12T19:54:07.382981
traditional,M1,22,1001.62,0.0,586,3,2026-04-12T19:54:07.383008
traditional,M1,23,1416.07,0.0,468,3,2026-04-12T19:54:07.383029
traditional,M1,24,1438.88,0.0,462,3,2026-04-12T19:54:07.383050
traditional,M1,25,1571.75,0.0,419,3,2026-04-12T19:54:07.383218
traditional,M1,26,1055.21,0.0,423,3,2026-04-12T19:54:07.383261
traditional,M1,27,950.01,0.0,487,3,2026-04-12T19:54:07.383285
traditional,M1,28,1527.7,0.0,482,3,2026-04-12T19:54:07.383311
traditional,M1,29,1361.45,0.0,514,3,2026-04-12T19:54:07.383335
traditional,M1,30,1517.18,0.0,406,3,2026-04-12T19:54:07.383360
traditional,M1,31,1263.88,0.0,558,3,2026-04-12T19:54:07.383384
traditional,M1,32,1451.99,0.0,413,3,2026-04-12T19:54:07.383415
traditional,M1,33,1031.79,0.0,437,3,2026-04-12T19:54:07.383438
traditional,M1,34,969.25,0.0,521,3,2026-04-12T19:54:07.383463
traditional,M1,35,872.51,0.0,491,3,2026-04-12T19:54:07.383487
traditional,M1,36,1346.43,0.0,499,3,2026-04-12T19:54:07.383511
traditional,M1,37,917.7,0.0,508,3,2026-04-12T19:54:07.383535
traditional,M1,38,1740.42,0.0,482,3,2026-04-12T19:54:07.383566
traditional,M1,39,1044.67,0.0,396,3,2026-04-12T19:54:07.383590
traditional,M1,40,1663.77,0.0,586,3,2026-04-12T19:54:07.383614
traditional,M1,41,1002.23,0.0,521,3,2026-04-12T19:54:07.383638
traditional,M1,42,650.0,0.0,566,3,2026-04-12T19:54:07.383662
traditional,M1,43,1523.54,0.0,525,3,2026-04-12T19:54:07.383697
traditional,M1,44,1286.4,0.0,704,3,2026-04-12T19:54:07.383723
traditional,M1,45,1250.76,0.0,532,3,2026-04-12T19:54:07.383747
traditional,M1,46,1360.1,0.0,556,3,2026-04-12T19:54:07.383772
traditional,M1,47,793.93,0.0,468,3,2026-04-12T19:54:07.383796
traditional,M1,48,1402.68,0.0,538,3,2026-04-12T19:54:07.383820
traditional,M1,49,874.17,0.0,472,3,2026-04-12T19:54:07.383844
traditional,M1,50,1170.36,0.0,496,3,2026-04-12T19:54:07.384012
traditional,M1,51,1457.38,0.0,632,3,2026-04-12T19:54:07.384052
traditional,M1,52,1559.17,0.0,512,3,2026-04-12T19:54:07.384071
traditional,M1,53,1366.81,0.0,460,3,2026-04-12T19:54:07.384090
traditional,M1,54,1134.96,0.0,488,3,2026-04-12T19:54:07.384104
traditional,M1,55,1182.19,0.0,314,3,2026-04-12T19:54:07.384119
traditional,M1,56,938.86,0.0,518,3,2026-04-12T19:54:07.384133
traditional,M1,57,650.0,0.0,618,3,2026-04-12T19:54:07.384147
traditional,M1,58,1154.85,0.0,419,3,2026-04-12T19:54:07.384166
traditional,M1,59,715.4,0.0,586,3,2026-04-12T19:54:07.384188
traditional,M1,60,1436.44,0.0,576,3,2026-04-12T19:54:07.384205
traditional,M1,61,1301.98,0.0,507,3,2026-04-12T19:54:07.384230
traditional,M1,62,958.74,0.0,528,3,2026-04-12T19:54:07.384244
traditional,M1,63,1254.39,0.0,565,3,2026-04-12T19:54:07.384258
traditional,M1,64,979.03,0.0,492,3,2026-04-12T19:54:07.384272
traditional,M1,65,1004.66,0.0,495,3,2026-04-12T19:54:07.384285
traditional,M1,66,1403.89,0.0,568,3,2026-04-12T19:54:07.384299
traditional,M1,67,883.41,0.0,405,3,2026-04-12T19:54:07.384314
traditional,M1,68,650.0,0.0,476,3,2026-04-12T19:54:07.384327
traditional,M1,69,1134.86,0.0,590,3,2026-04-12T19:54:07.384339
traditional,M1,70,946.62,0.0,510,3,2026-04-12T19:54:07.384354
traditional,M1,71,1412.73,0.0,440,3,2026-04-12T19:54:07.384370
traditional,M1,72,1147.43,0.0,529,3,2026-04-12T19:54:07.384385
traditional,M1,73,996.13,0.0,523,3,2026-04-12T19:54:07.384398
traditional,M1,74,1580.75,0.0,525,3,2026-04-12T19:54:07.384411
traditional,M1,75,1608.19,0.0,535,3,2026-04-12T19:54:07.384552
traditional,M1,76,1215.61,0.0,514,3,2026-04-12T19:54:07.384580
traditional,M1,77,1413.56,0.0,458,3,2026-04-12T19:54:07.384603
traditional,M1,78,884.66,0.0,345,3,2026-04-12T19:54:07.384627
traditional,M1,79,1566.7,0.0,438,3,2026-04-12T19:54:07.384663
traditional,M1,80,1200.36,0.0,533,3,2026-04-12T19:54:07.384688
traditional,M1,81,848.69,0.0,453,3,2026-04-12T19:54:07.384701
traditional,M1,82,650.0,0.0,565,3,2026-04-12T19:54:07.384721
traditional,M1,83,1851.86,0.0,616,3,2026-04-12T19:54:07.384744
traditional,M1,84,1461.82,0.0,485,3,2026-04-12T19:54:07.384775
traditional,M1,85,1437.96,0.0,494,3,2026-04-12T19:54:07.384790
traditional,M1,86,650.0,0.0,485,3,2026-04-12T19:54:07.384804
traditional,M1,87,819.55,0.0,409,3,2026-04-12T19:54:07.384817
traditional,M1,88,1345.31,0.0,553,3,2026-04-12T19:54:07.384830
traditional,M1,89,1606.22,0.0,442,3,2026-04-12T19:54:07.384842
traditional,M1,90,808.76,0.0,489,3,2026-04-12T19:54:07.384858
traditional,M1,91,1333.07,0.0,469,3,2026-04-12T19:54:07.384871
traditional,M1,92,1252.22,0.0,506,3,2026-04-12T19:54:07.384884
traditional,M1,93,1125.72,0.0,465,3,2026-04-12T19:54:07.384897
traditional,M1,94,1281.03,0.0,434,3,2026-04-12T19:54:07.384910
traditional,M1,95,1910.77,0.0,519,3,2026-04-12T19:54:07.384926
traditional,M1,96,1303.0,0.0,523,3,2026-04-12T19:54:07.384941
traditional,M1,97,1623.3,0.0,615,3,2026-04-12T19:54:07.384954
traditional,M1,98,1198.38,0.0,585,3,2026-04-12T19:54:07.384966
traditional,M1,99,1151.28,0.0,427,3,2026-04-12T19:54:07.384979
traditional,M2,0,1362.06,0.0,476,2,2026-04-12T19:54:07.385196
traditional,M2,1,797.54,0.0,530,2,2026-04-12T19:54:07.385243
traditional,M2,2,1290.06,0.0,493,2,2026-04-12T19:54:07.385273
traditional,M2,3,894.59,0.0,493,2,2026-04-12T19:54:07.385298
traditional,M2,4,778.62,0.0,495,2,2026-04-12T19:54:07.385323
traditional,M2,5,1928.38,0.0,512,2,2026-04-12T19:54:07.385348
traditional,M2,6,1294.56,0.0,495,2,2026-04-12T19:54:07.385382
traditional,M2,7,1327.88,0.0,452,2,2026-04-12T19:54:07.385406
traditional,M2,8,1140.95,0.0,388,2,2026-04-12T19:54:07.385435
traditional,M2,9,1175.52,0.0,447,2,2026-04-12T19:54:07.385460
traditional,M2,10,1175.19,0.0,563,2,2026-04-12T19:54:07.385487
traditional,M2,11,1341.95,0.0,460,2,2026-04-12T19:54:07.385512
traditional,M2,12,1343.6,0.0,538,2,2026-04-12T19:54:07.385539
traditional,M2,13,1078.16,0.0,429,2,2026-04-12T19:54:07.385564
traditional,M2,14,1176.64,0.0,535,2,2026-04-12T19:54:07.385591
traditional,M2,15,1079.9,0.0,532,2,2026-04-12T19:54:07.385617
traditional,M2,16,650.0,0.0,498,2,2026-04-12T19:54:07.385643
traditional,M2,17,921.05,0.0,528,2,2026-04-12T19:54:07.385669
traditional,M2,18,1128.21,0.0,387,2,2026-04-12T19:54:07.385696
traditional,M2,19,1426.49,0.0,552,2,2026-04-12T19:54:07.385721
traditional,M2,20,690.07,0.0,492,2,2026-04-12T19:54:07.385748
traditional,M2,21,2086.13,0.0,661,2,2026-04-12T19:54:07.385776
traditional,M2,22,1276.0,0.0,475,2,2026-04-12T19:54:07.385802
traditional,M2,23,1011.7,0.0,428,2,2026-04-12T19:54:07.385830
traditional,M2,24,1375.95,0.0,529,2,2026-04-12T19:54:07.385856
traditional,M2,25,1254.44,0.0,447,2,2026-04-12T19:54:07.386028
traditional,M2,26,1678.97,0.0,668,2,2026-04-12T19:54:07.386058
traditional,M2,27,947.58,0.0,522,2,2026-04-12T19:54:07.386083
traditional,M2,28,1030.18,0.0,597,2,2026-04-12T19:54:07.386213
traditional,M2,29,1530.5,0.0,391,2,2026-04-12T19:54:07.386236
traditional,M2,30,1173.54,0.0,447,2,2026-04-12T19:54:07.386257
traditional,M2,31,1324.61,0.0,495,2,2026-04-12T19:54:07.386274
traditional,M2,32,1041.25,0.0,468,2,2026-04-12T19:54:07.386296
traditional,M2,33,897.64,0.0,582,2,2026-04-12T19:54:07.386320
traditional,M2,34,1337.16,0.0,509,2,2026-04-12T19:54:07.386342
traditional,M2,35,1230.9,0.0,464,2,2026-04-12T19:54:07.386366
traditional,M2,36,1734.85,0.0,442,2,2026-04-12T19:54:07.386391
traditional,M2,37,1092.84,0.0,533,2,2026-04-12T19:54:07.386416
traditional,M2,38,943.0,0.0,513,2,2026-04-12T19:54:07.386469
traditional,M2,39,1786.03,0.0,461,2,2026-04-12T19:54:07.386523
traditional,M2,40,913.44,0.0,420,2,2026-04-12T19:54:07.386622
traditional,M2,41,1074.96,0.0,457,2,2026-04-12T19:54:07.386664
traditional,M2,42,1126.97,0.0,561,2,2026-04-12T19:54:07.386694
traditional,M2,43,1651.97,0.0,451,2,2026-04-12T19:54:07.386727
traditional,M2,44,1177.54,0.0,528,2,2026-04-12T19:54:07.386754
traditional,M2,45,937.43,0.0,531,2,2026-04-12T19:54:07.386778
traditional,M2,46,1137.87,0.0,551,2,2026-04-12T19:54:07.386804
traditional,M2,47,930.34,0.0,521,2,2026-04-12T19:54:07.386828
traditional,M2,48,650.0,0.0,465,2,2026-04-12T19:54:07.386853
traditional,M2,49,1046.21,0.0,457,2,2026-04-12T19:54:07.386877
traditional,M2,50,780.47,0.0,503,2,2026-04-12T19:54:07.387043
traditional,M2,51,1300.34,0.0,609,2,2026-04-12T19:54:07.387112
traditional,M2,52,650.0,0.0,425,2,2026-04-12T19:54:07.387165
traditional,M2,53,1587.32,0.0,464,2,2026-04-12T19:54:07.387196
traditional,M2,54,1013.08,0.0,592,2,2026-04-12T19:54:07.387222
traditional,M2,55,1128.99,0.0,400,2,2026-04-12T19:54:07.387247
traditional,M2,56,1359.14,0.0,491,2,2026-04-12T19:54:07.387269
traditional,M2,57,1074.23,0.0,567,2,2026-04-12T19:54:07.387300
traditional,M2,58,1907.54,0.0,473,2,2026-04-12T19:54:07.387325
traditional,M2,59,924.89,0.0,473,2,2026-04-12T19:54:07.387343
traditional,M2,60,1005.68,0.0,669,2,2026-04-12T19:54:07.387361
traditional,M2,61,1105.91,0.0,530,2,2026-04-12T19:54:07.387380
traditional,M2,62,1335.75,0.0,516,2,2026-04-12T19:54:07.387402
traditional,M2,63,1259.07,0.0,465,2,2026-04-12T19:54:07.387425
traditional,M2,64,1208.53,0.0,487,2,2026-04-12T19:54:07.387451
traditional,M2,65,697.37,0.0,477,2,2026-04-12T19:54:07.387474
traditional,M2,66,1265.8,0.0,530,2,2026-04-12T19:54:07.387497
traditional,M2,67,1402.73,0.0,542,2,2026-04-12T19:54:07.387516
traditional,M2,68,1045.9,0.0,624,2,2026-04-12T19:54:07.387540
traditional,M2,69,1231.36,0.0,537,2,2026-04-12T19:54:07.387563
traditional,M2,70,906.27,0.0,566,2,2026-04-12T19:54:07.387591
traditional,M2,71,913.54,0.0,633,2,2026-04-12T19:54:07.387611
traditional,M2,72,1041.4,0.0,481,2,2026-04-12T19:54:07.387636
traditional,M2,73,1328.74,0.0,442,2,2026-04-12T19:54:07.387659
traditional,M2,74,833.67,0.0,512,2,2026-04-12T19:54:07.387682
traditional,M2,75,1019.33,0.0,473,2,2026-04-12T19:54:07.387860
traditional,M2,76,757.99,0.0,556,2,2026-04-12T19:54:07.387904
traditional,M2,77,1382.21,0.0,427,2,2026-04-12T19:54:07.387929
traditional,M2,78,1357.46,0.0,541,2,2026-04-12T19:54:07.387954
traditional,M2,79,1180.99,0.0,477,2,2026-04-12T19:54:07.387976
traditional,M2,80,1318.87,0.0,421,2,2026-04-12T19:54:07.388004
traditional,M2,81,1172.44,0.0,400,2,2026-04-12T19:54:07.388080
traditional,M2,82,761.5,0.0,574,2,2026-04-12T19:54:07.388139
traditional,M2,83,805.89,0.0,497,2,2026-04-12T19:54:07.388170
traditional,M2,84,1304.01,0.0,498,2,2026-04-12T19:54:07.388199
traditional,M2,85,1169.2,0.0,488,2,2026-04-12T19:54:07.388225
traditional,M2,86,1009.34,0.0,468,2,2026-04-12T19:54:07.388250
traditional,M2,87,1186.78,0.0,545,2,2026-04-12T19:54:07.388351
traditional,M2,88,1003.43,0.0,429,2,2026-04-12T19:54:07.388384
traditional,M2,89,972.05,0.0,424,2,2026-04-12T19:54:07.388491
traditional,M2,90,1204.27,0.0,524,2,2026-04-12T19:54:07.388545
traditional,M2,91,1235.95,0.0,424,2,2026-04-12T19:54:07.388564
traditional,M2,92,1204.32,0.0,556,2,2026-04-12T19:54:07.388580
traditional,M2,93,1897.11,0.0,612,2,2026-04-12T19:54:07.388597
traditional,M2,94,1262.67,0.0,385,2,2026-04-12T19:54:07.388621
traditional,M2,95,1220.0,0.0,592,2,2026-04-12T19:54:07.388645
traditional,M2,96,1669.93,0.0,525,2,2026-04-12T19:54:07.388669
traditional,M2,97,1326.32,0.0,514,2,2026-04-12T19:54:07.388688
traditional,M2,98,1065.24,0.0,615,2,2026-04-12T19:54:07.388709
traditional,M2,99,938.85,0.0,465,2,2026-04-12T19:54:07.388723
traditional,M3,0,1473.96,0.0,579,3,2026-04-12T19:54:07.389241
traditional,M3,1,1449.45,0.0,615,3,2026-04-12T19:54:07.389317
traditional,M3,2,977.46,0.0,411,3,2026-04-12T19:54:07.389417
traditional,M3,3,1222.1,0.0,425,3,2026-04-12T19:54:07.389479
traditional,M3,4,1052.48,0.0,501,3,2026-04-12T19:54:07.389510
traditional,M3,5,1552.21,0.0,524,3,2026-04-12T19:54:07.389536
traditional,M3,6,1428.55,0.0,331,3,2026-04-12T19:54:07.389562
traditional,M3,7,899.59,0.0,545,3,2026-04-12T19:54:07.389586
traditional,M3,8,790.2,0.0,395,3,2026-04-12T19:54:07.389612
traditional,M3,9,1091.71,0.0,535,3,2026-04-12T19:54:07.389633
traditional,M3,10,713.02,0.0,437,3,2026-04-12T19:54:07.389657
traditional,M3,11,1670.22,0.0,429,3,2026-04-12T19:54:07.389681
traditional,M3,12,825.19,0.0,681,3,2026-04-12T19:54:07.389710
traditional,M3,13,1267.89,0.0,733,3,2026-04-12T19:54:07.389734
traditional,M3,14,1219.01,0.0,600,3,2026-04-12T19:54:07.389760
traditional,M3,15,1839.29,0.0,497,3,2026-04-12T19:54:07.389784
traditional,M3,16,1051.92,0.0,522,3,2026-04-12T19:54:07.389811
traditional,M3,17,1171.7,0.0,572,3,2026-04-12T19:54:07.389835
traditional,M3,18,1447.91,0.0,454,3,2026-04-12T19:54:07.389861
traditional,M3,19,1398.6,0.0,544,3,2026-04-12T19:54:07.389886
traditional,M3,20,925.85,0.0,481,3,2026-04-12T19:54:07.389913
traditional,M3,21,1419.52,0.0,524,3,2026-04-12T19:54:07.389949
traditional,M3,22,1107.89,0.0,479,3,2026-04-12T19:54:07.389980
traditional,M3,23,650.0,0.0,466,3,2026-04-12T19:54:07.390010
traditional,M3,24,1432.64,0.0,554,3,2026-04-12T19:54:07.390040
traditional,M3,25,1249.08,0.0,486,3,2026-04-12T19:54:07.390214
traditional,M3,26,1612.73,0.0,365,3,2026-04-12T19:54:07.390249
traditional,M3,27,755.81,0.0,519,3,2026-04-12T19:54:07.390275
traditional,M3,28,1555.56,0.0,492,3,2026-04-12T19:54:07.390301
traditional,M3,29,1497.54,0.0,437,3,2026-04-12T19:54:07.390324
traditional,M3,30,1579.66,0.0,528,3,2026-04-12T19:54:07.390348
traditional,M3,31,1227.4,0.0,515,3,2026-04-12T19:54:07.390373
traditional,M3,32,950.34,0.0,409,3,2026-04-12T19:54:07.390388
traditional,M3,33,1123.35,0.0,537,3,2026-04-12T19:54:07.390407
traditional,M3,34,1294.27,0.0,445,3,2026-04-12T19:54:07.390421
traditional,M3,35,1374.94,0.0,308,3,2026-04-12T19:54:07.390436
traditional,M3,36,965.57,0.0,373,3,2026-04-12T19:54:07.390455
traditional,M3,37,712.22,0.0,565,3,2026-04-12T19:54:07.390476
traditional,M3,38,1238.8,0.0,516,3,2026-04-12T19:54:07.390499
traditional,M3,39,1510.94,0.0,500,3,2026-04-12T19:54:07.390520
traditional,M3,40,1503.64,0.0,559,3,2026-04-12T19:54:07.390534
traditional,M3,41,1254.63,0.0,546,3,2026-04-12T19:54:07.390547
traditional,M3,42,1810.59,0.0,586,3,2026-04-12T19:54:07.390561
traditional,M3,43,971.6,0.0,547,3,2026-04-12T19:54:07.390576
traditional,M3,44,771.93,0.0,446,3,2026-04-12T19:54:07.390590
traditional,M3,45,905.87,0.0,539,3,2026-04-12T19:54:07.390606
traditional,M3,46,709.81,0.0,576,3,2026-04-12T19:54:07.390621
traditional,M3,47,1638.65,0.0,603,3,2026-04-12T19:54:07.390634
traditional,M3,48,1298.38,0.0,471,3,2026-04-12T19:54:07.390648
traditional,M3,49,1420.66,0.0,480,3,2026-04-12T19:54:07.390661
traditional,M3,50,1210.85,0.0,481,3,2026-04-12T19:54:07.390788
traditional,M3,51,2129.49,0.0,443,3,2026-04-12T19:54:07.390815
traditional,M3,52,1011.44,0.0,441,3,2026-04-12T19:54:07.390840
traditional,M3,53,1413.6,0.0,492,3,2026-04-12T19:54:07.390864
traditional,M3,54,1098.58,0.0,417,3,2026-04-12T19:54:07.390889
traditional,M3,55,938.75,0.0,559,3,2026-04-12T19:54:07.390912
traditional,M3,56,1180.18,0.0,545,3,2026-04-12T19:54:07.390927
traditional,M3,57,1502.45,0.0,494,3,2026-04-12T19:54:07.390940
traditional,M3,58,1537.74,0.0,543,3,2026-04-12T19:54:07.390954
traditional,M3,59,1464.15,0.0,488,3,2026-04-12T19:54:07.390977
traditional,M3,60,1886.85,0.0,397,3,2026-04-12T19:54:07.391001
traditional,M3,61,1120.1,0.0,550,3,2026-04-12T19:54:07.391022
traditional,M3,62,1495.43,0.0,513,3,2026-04-12T19:54:07.391036
traditional,M3,63,1364.21,0.0,516,3,2026-04-12T19:54:07.391049
traditional,M3,64,1035.49,0.0,492,3,2026-04-12T19:54:07.391066
traditional,M3,65,1359.24,0.0,481,3,2026-04-12T19:54:07.391081
traditional,M3,66,1070.2,0.0,567,3,2026-04-12T19:54:07.391095
traditional,M3,67,655.23,0.0,552,3,2026-04-12T19:54:07.391109
traditional,M3,68,1279.19,0.0,600,3,2026-04-12T19:54:07.391125
traditional,M3,69,1025.66,0.0,461,3,2026-04-12T19:54:07.391138
traditional,M3,70,1213.86,0.0,572,3,2026-04-12T19:54:07.391154
traditional,M3,71,926.05,0.0,418,3,2026-04-12T19:54:07.391167
traditional,M3,72,1042.26,0.0,450,3,2026-04-12T19:54:07.391180
traditional,M3,73,1102.85,0.0,461,3,2026-04-12T19:54:07.391194
traditional,M3,74,1424.49,0.0,386,3,2026-04-12T19:54:07.391209
traditional,M3,75,1390.68,0.0,533,3,2026-04-12T19:54:07.391340
traditional,M3,76,1228.59,0.0,500,3,2026-04-12T19:54:07.391371
traditional,M3,77,1179.99,0.0,361,3,2026-04-12T19:54:07.391397
traditional,M3,78,689.23,0.0,451,3,2026-04-12T19:54:07.391423
traditional,M3,79,1692.49,0.0,481,3,2026-04-12T19:54:07.391445
traditional,M3,80,1045.9,0.0,451,3,2026-04-12T19:54:07.391461
traditional,M3,81,1127.95,0.0,460,3,2026-04-12T19:54:07.391474
traditional,M3,82,1510.96,0.0,503,3,2026-04-12T19:54:07.391489
traditional,M3,83,1215.37,0.0,419,3,2026-04-12T19:54:07.391503
traditional,M3,84,918.33,0.0,528,3,2026-04-12T19:54:07.391519
traditional,M3,85,804.1,0.0,500,3,2026-04-12T19:54:07.391541
traditional,M3,86,650.0,0.0,616,3,2026-04-12T19:54:07.391565
traditional,M3,87,1675.14,0.0,495,3,2026-04-12T19:54:07.391589
traditional,M3,88,860.81,0.0,487,3,2026-04-12T19:54:07.391603
traditional,M3,89,1375.56,0.0,498,3,2026-04-12T19:54:07.391617
traditional,M3,90,1453.0,0.0,426,3,2026-04-12T19:54:07.391633
traditional,M3,91,1038.74,0.0,516,3,2026-04-12T19:54:07.391646
traditional,M3,92,650.0,0.0,447,3,2026-04-12T19:54:07.391660
traditional,M3,93,1503.74,0.0,448,3,2026-04-12T19:54:07.391682
traditional,M3,94,1050.06,0.0,462,3,2026-04-12T19:54:07.391696
traditional,M3,95,1037.02,0.0,560,3,2026-04-12T19:54:07.391709
traditional,M3,96,1328.38,0.0,523,3,2026-04-12T19:54:07.391723
traditional,M3,97,1060.95,0.0,460,3,2026-04-12T19:54:07.391738
traditional,M3,98,778.16,0.0,469,3,2026-04-12T19:54:07.391751
traditional,M3,99,963.98,0.0,460,3,2026-04-12T19:54:07.391765
traditional,C1,0,1383.0,0.0,407,6,2026-04-12T19:54:07.391992
traditional,C1,1,1595.94,0.0,532,6,2026-04-12T19:54:07.392040
traditional,C1,2,1388.4,0.0,575,6,2026-04-12T19:54:07.392070
traditional,C1,3,1178.78,0.0,481,6,2026-04-12T19:54:07.392097
traditional,C1,4,1049.7,0.0,440,6,2026-04-12T19:54:07.392124
traditional,C1,5,1199.76,0.0,550,6,2026-04-12T19:54:07.392150
traditional,C1,6,1467.05,0.0,533,6,2026-04-12T19:54:07.392177
traditional,C1,7,1209.78,0.0,572,6,2026-04-12T19:54:07.392202
traditional,C1,8,1075.96,0.0,455,6,2026-04-12T19:54:07.392228
traditional,C1,9,906.48,0.0,614,6,2026-04-12T19:54:07.392253
traditional,C1,10,1142.05,0.0,591,6,2026-04-12T19:54:07.392280
traditional,C1,11,1488.85,0.0,490,6,2026-04-12T19:54:07.392305
traditional,C1,12,1590.45,0.0,583,6,2026-04-12T19:54:07.392331
traditional,C1,13,943.04,0.0,608,6,2026-04-12T19:54:07.392357
traditional,C1,14,1339.17,0.0,516,6,2026-04-12T19:54:07.392390
traditional,C1,15,761.51,0.0,572,6,2026-04-12T19:54:07.392413
traditional,C1,16,1331.33,0.0,472,6,2026-04-12T19:54:07.392440
traditional,C1,17,1180.31,0.0,514,6,2026-04-12T19:54:07.392464
traditional,C1,18,1096.35,0.0,422,6,2026-04-12T19:54:07.392489
traditional,C1,19,1341.92,0.0,515,6,2026-04-12T19:54:07.392514
traditional,C1,20,1127.57,0.0,569,6,2026-04-12T19:54:07.392538
traditional,C1,21,1618.91,0.0,524,6,2026-04-12T19:54:07.392567
traditional,C1,22,1142.32,0.0,508,6,2026-04-12T19:54:07.392591
traditional,C1,23,1077.95,0.0,629,6,2026-04-12T19:54:07.392615
traditional,C1,24,1351.53,0.0,461,6,2026-04-12T19:54:07.392643
traditional,C1,25,653.15,0.0,454,6,2026-04-12T19:54:07.392843
traditional,C1,26,1163.6,0.0,545,6,2026-04-12T19:54:07.392885
traditional,C1,27,1326.3,0.0,579,6,2026-04-12T19:54:07.392910
traditional,C1,28,1465.2,0.0,495,6,2026-04-12T19:54:07.392925
traditional,C1,29,1117.86,0.0,492,6,2026-04-12T19:54:07.392943
traditional,C1,30,771.85,0.0,525,6,2026-04-12T19:54:07.392957
traditional,C1,31,1284.38,0.0,535,6,2026-04-12T19:54:07.392970
traditional,C1,32,1134.55,0.0,610,6,2026-04-12T19:54:07.392984
traditional,C1,33,1535.64,0.0,448,6,2026-04-12T19:54:07.392997
traditional,C1,34,1331.1,0.0,516,6,2026-04-12T19:54:07.393013
traditional,C1,35,874.69,0.0,532,6,2026-04-12T19:54:07.393026
traditional,C1,36,1394.74,0.0,489,6,2026-04-12T19:54:07.393044
traditional,C1,37,1052.16,0.0,617,6,2026-04-12T19:54:07.393068
traditional,C1,38,1071.49,0.0,439,6,2026-04-12T19:54:07.393092
traditional,C1,39,1668.05,0.0,470,6,2026-04-12T19:54:07.393109
traditional,C1,40,1243.56,0.0,595,6,2026-04-12T19:54:07.393123
traditional,C1,41,1186.6,0.0,544,6,2026-04-12T19:54:07.393136
traditional,C1,42,1661.91,0.0,530,6,2026-04-12T19:54:07.393150
traditional,C1,43,650.0,0.0,525,6,2026-04-12T19:54:07.393164
traditional,C1,44,1183.18,0.0,461,6,2026-04-12T19:54:07.393178
traditional,C1,45,1770.59,0.0,491,6,2026-04-12T19:54:07.393191
traditional,C1,46,1366.41,0.0,500,6,2026-04-12T19:54:07.393204
traditional,C1,47,1192.54,0.0,421,6,2026-04-12T19:54:07.393218
traditional,C1,48,1379.47,0.0,543,6,2026-04-12T19:54:07.393231
traditional,C1,49,651.77,0.0,605,6,2026-04-12T19:54:07.393247
traditional,C1,50,650.0,0.0,608,6,2026-04-12T19:54:07.393357
traditional,C1,51,1351.32,0.0,584,6,2026-04-12T19:54:07.393388
traditional,C1,52,793.39,0.0,423,6,2026-04-12T19:54:07.393414
traditional,C1,53,658.04,0.0,499,6,2026-04-12T19:54:07.393437
traditional,C1,54,1196.6,0.0,486,6,2026-04-12T19:54:07.393463
traditional,C1,55,1415.46,0.0,474,6,2026-04-12T19:54:07.393482
traditional,C1,56,894.45,0.0,511,6,2026-04-12T19:54:07.393496
traditional,C1,57,1076.63,0.0,613,6,2026-04-12T19:54:07.393509
traditional,C1,58,898.41,0.0,579,6,2026-04-12T19:54:07.393523
traditional,C1,59,650.0,0.0,528,6,2026-04-12T19:54:07.393536
traditional,C1,60,1302.66,0.0,514,6,2026-04-12T19:54:07.393556
traditional,C1,61,854.21,0.0,438,6,2026-04-12T19:54:07.393570
traditional,C1,62,1523.28,0.0,532,6,2026-04-12T19:54:07.393584
traditional,C1,63,1038.86,0.0,461,6,2026-04-12T19:54:07.393597
traditional,C1,64,909.13,0.0,468,6,2026-04-12T19:54:07.393610
traditional,C1,65,774.83,0.0,604,6,2026-04-12T19:54:07.393624
traditional,C1,66,1259.03,0.0,502,6,2026-04-12T19:54:07.393637
traditional,C1,67,1365.15,0.0,452,6,2026-04-12T19:54:07.393650
traditional,C1,68,1191.12,0.0,466,6,2026-04-12T19:54:07.393663
traditional,C1,69,749.73,0.0,571,6,2026-04-12T19:54:07.393676
traditional,C1,70,1166.88,0.0,487,6,2026-04-12T19:54:07.393689
traditional,C1,71,1574.23,0.0,566,6,2026-04-12T19:54:07.393702
traditional,C1,72,1283.94,0.0,481,6,2026-04-12T19:54:07.393716
traditional,C1,73,1384.99,0.0,574,6,2026-04-12T19:54:07.393735
traditional,C1,74,811.91,0.0,496,6,2026-04-12T19:54:07.393748
traditional,C1,75,1370.12,0.0,401,6,2026-04-12T19:54:07.393956
traditional,C1,76,1110.1,0.0,511,6,2026-04-12T19:54:07.393988
traditional,C1,77,1029.55,0.0,484,6,2026-04-12T19:54:07.394015
traditional,C1,78,1437.96,0.0,465,6,2026-04-12T19:54:07.394037
traditional,C1,79,946.3,0.0,491,6,2026-04-12T19:54:07.394058
traditional,C1,80,1183.91,0.0,516,6,2026-04-12T19:54:07.394080
traditional,C1,81,1453.93,0.0,580,6,2026-04-12T19:54:07.394101
traditional,C1,82,1308.69,0.0,484,6,2026-04-12T19:54:07.394126
traditional,C1,83,1253.16,0.0,486,6,2026-04-12T19:54:07.394147
traditional,C1,84,1317.87,0.0,574,6,2026-04-12T19:54:07.394169
traditional,C1,85,1595.08,0.0,432,6,2026-04-12T19:54:07.394191
traditional,C1,86,1416.68,0.0,632,6,2026-04-12T19:54:07.394216
traditional,C1,87,975.51,0.0,472,6,2026-04-12T19:54:07.394237
traditional,C1,88,1527.83,0.0,395,6,2026-04-12T19:54:07.394260
traditional,C1,89,1195.08,0.0,541,6,2026-04-12T19:54:07.394281
traditional,C1,90,982.59,0.0,490,6,2026-04-12T19:54:07.394304
traditional,C1,91,1205.28,0.0,490,6,2026-04-12T19:54:07.394325
traditional,C1,92,1490.27,0.0,454,6,2026-04-12T19:54:07.394349
traditional,C1,93,924.08,0.0,532,6,2026-04-12T19:54:07.394370
traditional,C1,94,1250.35,0.0,465,6,2026-04-12T19:54:07.394392
traditional,C1,95,1067.49,0.0,522,6,2026-04-12T19:54:07.394413
traditional,C1,96,1346.27,0.0,410,6,2026-04-12T19:54:07.394435
traditional,C1,97,938.61,0.0,547,6,2026-04-12T19:54:07.394456
traditional,C1,98,1049.75,0.0,495,6,2026-04-12T19:54:07.394481
traditional,C1,99,1488.6,0.0,336,6,2026-04-12T19:54:07.394502
traditional,C2,0,1115.67,0.0,558,7,2026-04-12T19:54:07.394718
traditional,C2,1,1320.21,0.0,525,7,2026-04-12T19:54:07.394747
traditional,C2,2,1337.44,0.0,466,7,2026-04-12T19:54:07.394766
traditional,C2,3,1322.88,0.0,407,7,2026-04-12T19:54:07.394780
traditional,C2,4,1275.26,0.0,488,7,2026-04-12T19:54:07.394795
traditional,C2,5,1386.04,0.0,523,7,2026-04-12T19:54:07.394809
traditional,C2,6,1229.71,0.0,535,7,2026-04-12T19:54:07.394830
traditional,C2,7,650.0,0.0,517,7,2026-04-12T19:54:07.394843
traditional,C2,8,956.41,0.0,437,7,2026-04-12T19:54:07.394858
traditional,C2,9,1748.3,0.0,643,7,2026-04-12T19:54:07.394872
traditional,C2,10,1649.25,0.0,610,7,2026-04-12T19:54:07.394890
traditional,C2,11,963.52,0.0,469,7,2026-04-12T19:54:07.394913
traditional,C2,12,1330.93,0.0,473,7,2026-04-12T19:54:07.394928
traditional,C2,13,1283.78,0.0,523,7,2026-04-12T19:54:07.394946
traditional,C2,14,1259.24,0.0,483,7,2026-04-12T19:54:07.394970
traditional,C2,15,1046.6,0.0,448,7,2026-04-12T19:54:07.394988
traditional,C2,16,1169.68,0.0,549,7,2026-04-12T19:54:07.395001
traditional,C2,17,1792.33,0.0,404,7,2026-04-12T19:54:07.395015
traditional,C2,18,1722.4,0.0,483,7,2026-04-12T19:54:07.395028
traditional,C2,19,1491.23,0.0,557,7,2026-04-12T19:54:07.395044
traditional,C2,20,1312.22,0.0,560,7,2026-04-12T19:54:07.395064
traditional,C2,21,1825.92,0.0,704,7,2026-04-12T19:54:07.395077
traditional,C2,22,1325.46,0.0,263,7,2026-04-12T19:54:07.395093
traditional,C2,23,1177.57,0.0,523,7,2026-04-12T19:54:07.395108
traditional,C2,24,2144.75,0.0,583,7,2026-04-12T19:54:07.395125
traditional,C2,25,1770.11,0.0,456,7,2026-04-12T19:54:07.395292
traditional,C2,26,1380.02,0.0,589,7,2026-04-12T19:54:07.395330
traditional,C2,27,764.64,0.0,605,7,2026-04-12T19:54:07.395361
traditional,C2,28,844.35,0.0,492,7,2026-04-12T19:54:07.395386
traditional,C2,29,2025.95,0.0,450,7,2026-04-12T19:54:07.395413
traditional,C2,30,1384.14,0.0,533,7,2026-04-12T19:54:07.395438
traditional,C2,31,1559.79,0.0,535,7,2026-04-12T19:54:07.395461
traditional,C2,32,1061.35,0.0,374,7,2026-04-12T19:54:07.395485
traditional,C2,33,979.93,0.0,364,7,2026-04-12T19:54:07.395508
traditional,C2,34,1539.36,0.0,417,7,2026-04-12T19:54:07.395535
traditional,C2,35,1128.83,0.0,485,7,2026-04-12T19:54:07.395556
traditional,C2,36,1314.95,0.0,560,7,2026-04-12T19:54:07.395581
traditional,C2,37,1031.61,0.0,472,7,2026-04-12T19:54:07.395604
traditional,C2,38,960.5,0.0,371,7,2026-04-12T19:54:07.395628
traditional,C2,39,992.49,0.0,541,7,2026-04-12T19:54:07.395653
traditional,C2,40,1537.62,0.0,617,7,2026-04-12T19:54:07.395677
traditional,C2,41,968.77,0.0,666,7,2026-04-12T19:54:07.395702
traditional,C2,42,659.13,0.0,430,7,2026-04-12T19:54:07.395727
traditional,C2,43,1157.06,0.0,532,7,2026-04-12T19:54:07.395750
traditional,C2,44,1264.25,0.0,700,7,2026-04-12T19:54:07.395775
traditional,C2,45,1743.08,0.0,458,7,2026-04-12T19:54:07.395798
traditional,C2,46,977.6,0.0,521,7,2026-04-12T19:54:07.395823
traditional,C2,47,1312.41,0.0,507,7,2026-04-12T19:54:07.395846
traditional,C2,48,1113.6,0.0,353,7,2026-04-12T19:54:07.395872
traditional,C2,49,968.0,0.0,474,7,2026-04-12T19:54:07.395898
traditional,C2,50,1485.9,0.0,432,7,2026-04-12T19:54:07.396131
traditional,C2,51,1035.0,0.0,522,7,2026-04-12T19:54:07.396161
traditional,C2,52,1312.41,0.0,504,7,2026-04-12T19:54:07.396194
traditional,C2,53,1455.18,0.0,365,7,2026-04-12T19:54:07.396219
traditional,C2,54,856.39,0.0,451,7,2026-04-12T19:54:07.396243
traditional,C2,55,1208.15,0.0,602,7,2026-04-12T19:54:07.396268
traditional,C2,56,1363.7,0.0,539,7,2026-04-12T19:54:07.396297
traditional,C2,57,1631.14,0.0,484,7,2026-04-12T19:54:07.396323
traditional,C2,58,1207.48,0.0,495,7,2026-04-12T19:54:07.396348
traditional,C2,59,949.76,0.0,475,7,2026-04-12T19:54:07.396373
traditional,C2,60,986.7,0.0,433,7,2026-04-12T19:54:07.396399
traditional,C2,61,1265.11,0.0,504,7,2026-04-12T19:54:07.396439
traditional,C2,62,1091.75,0.0,539,7,2026-04-12T19:54:07.396468
traditional,C2,63,1230.21,0.0,463,7,2026-04-12T19:54:07.396497
traditional,C2,64,977.78,0.0,553,7,2026-04-12T19:54:07.396523
traditional,C2,65,1534.4,0.0,508,7,2026-04-12T19:54:07.396547
traditional,C2,66,1137.06,0.0,469,7,2026-04-12T19:54:07.396571
traditional,C2,67,1511.43,0.0,425,7,2026-04-12T19:54:07.396594
traditional,C2,68,1330.2,0.0,411,7,2026-04-12T19:54:07.396619
traditional,C2,69,1066.67,0.0,543,7,2026-04-12T19:54:07.396642
traditional,C2,70,1589.0,0.0,410,7,2026-04-12T19:54:07.396669
traditional,C2,71,1191.49,0.0,444,7,2026-04-12T19:54:07.396697
traditional,C2,72,1208.35,0.0,511,7,2026-04-12T19:54:07.396724
traditional,C2,73,1121.27,0.0,563,7,2026-04-12T19:54:07.396750
traditional,C2,74,650.0,0.0,567,7,2026-04-12T19:54:07.396784
traditional,C2,75,792.32,0.0,602,7,2026-04-12T19:54:07.397070
traditional,C2,76,969.68,0.0,538,7,2026-04-12T19:54:07.397109
traditional,C2,77,1414.14,0.0,560,7,2026-04-12T19:54:07.397209
traditional,C2,78,890.21,0.0,486,7,2026-04-12T19:54:07.397234
traditional,C2,79,1287.01,0.0,471,7,2026-04-12T19:54:07.397272
traditional,C2,80,1072.17,0.0,488,7,2026-04-12T19:54:07.397302
traditional,C2,81,1562.07,0.0,460,7,2026-04-12T19:54:07.397326
traditional,C2,82,1135.78,0.0,491,7,2026-04-12T19:54:07.397351
traditional,C2,83,1365.07,0.0,493,7,2026-04-12T19:54:07.397375
traditional,C2,84,1091.74,0.0,543,7,2026-04-12T19:54:07.397400
traditional,C2,85,650.0,0.0,623,7,2026-04-12T19:54:07.397424
traditional,C2,86,1133.86,0.0,573,7,2026-04-12T19:54:07.397449
traditional,C2,87,1071.31,0.0,652,7,2026-04-12T19:54:07.397475
traditional,C2,88,1309.01,0.0,438,7,2026-04-12T19:54:07.397499
traditional,C2,89,1415.79,0.0,563,7,2026-04-12T19:54:07.397523
traditional,C2,90,1235.94,0.0,386,7,2026-04-12T19:54:07.397551
traditional,C2,91,874.31,0.0,494,7,2026-04-12T19:54:07.397575
traditional,C2,92,1566.69,0.0,410,7,2026-04-12T19:54:07.397599
traditional,C2,93,1235.51,0.0,517,7,2026-04-12T19:54:07.397624
traditional,C2,94,1607.75,0.0,451,7,2026-04-12T19:54:07.397649
traditional,C2,95,1752.42,0.0,476,7,2026-04-12T19:54:07.397724
traditional,C2,96,919.73,0.0,580,7,2026-04-12T19:54:07.397752
traditional,C2,97,1744.84,0.0,490,7,2026-04-12T19:54:07.397777
traditional,C2,98,1197.01,0.0,404,7,2026-04-12T19:54:07.397806
traditional,C2,99,1489.41,0.0,338,7,2026-04-12T19:54:07.397859
traditional,C3,0,928.67,0.0,426,7,2026-04-12T19:54:07.398139
traditional,C3,1,1505.72,0.0,496,7,2026-04-12T19:54:07.398224
traditional,C3,2,1567.92,0.0,454,7,2026-04-12T19:54:07.398261
traditional,C3,3,1176.78,0.0,509,7,2026-04-12T19:54:07.398288
traditional,C3,4,1003.41,0.0,441,7,2026-04-12T19:54:07.398315
traditional,C3,5,1394.62,0.0,417,7,2026-04-12T19:54:07.398398
traditional,C3,6,1088.72,0.0,497,7,2026-04-12T19:54:07.398454
traditional,C3,7,1168.05,0.0,457,7,2026-04-12T19:54:07.398480
traditional,C3,8,1156.96,0.0,579,7,2026-04-12T19:54:07.398508
traditional,C3,9,1549.56,0.0,525,7,2026-04-12T19:54:07.398532
traditional,C3,10,1397.14,0.0,488,7,2026-04-12T19:54:07.398558
traditional,C3,11,1613.21,0.0,514,7,2026-04-12T19:54:07.398583
traditional,C3,12,958.36,0.0,419,7,2026-04-12T19:54:07.398608
traditional,C3,13,769.2,0.0,518,7,2026-04-12T19:54:07.398623
traditional,C3,14,1659.22,0.0,516,7,2026-04-12T19:54:07.398637
traditional,C3,15,1114.84,0.0,538,7,2026-04-12T19:54:07.398650
traditional,C3,16,1572.82,0.0,419,7,2026-04-12T19:54:07.398664
traditional,C3,17,1173.37,0.0,525,7,2026-04-12T19:54:07.398678
traditional,C3,18,1361.06,0.0,550,7,2026-04-12T19:54:07.398692
traditional,C3,19,724.82,0.0,466,7,2026-04-12T19:54:07.398713
traditional,C3,20,895.68,0.0,576,7,2026-04-12T19:54:07.398727
traditional,C3,21,1694.85,0.0,515,7,2026-04-12T19:54:07.398742
traditional,C3,22,650.0,0.0,492,7,2026-04-12T19:54:07.398756
traditional,C3,23,838.57,0.0,549,7,2026-04-12T19:54:07.398769
traditional,C3,24,1014.1,0.0,571,7,2026-04-12T19:54:07.398783
traditional,C3,25,1396.17,0.0,540,7,2026-04-12T19:54:07.398943
traditional,C3,26,1476.33,0.0,455,7,2026-04-12T19:54:07.398982
traditional,C3,27,1634.99,0.0,417,7,2026-04-12T19:54:07.399009
traditional,C3,28,1180.65,0.0,495,7,2026-04-12T19:54:07.399036
traditional,C3,29,1702.18,0.0,491,7,2026-04-12T19:54:07.399066
traditional,C3,30,1552.43,0.0,538,7,2026-04-12T19:54:07.399092
traditional,C3,31,973.21,0.0,495,7,2026-04-12T19:54:07.399116
traditional,C3,32,1164.71,0.0,497,7,2026-04-12T19:54:07.399141
traditional,C3,33,1710.35,0.0,443,7,2026-04-12T19:54:07.399165
traditional,C3,34,1104.23,0.0,461,7,2026-04-12T19:54:07.399190
traditional,C3,35,1413.75,0.0,590,7,2026-04-12T19:54:07.399214
traditional,C3,36,1077.2,0.0,590,7,2026-04-12T19:54:07.399239
traditional,C3,37,1044.95,0.0,561,7,2026-04-12T19:54:07.399264
traditional,C3,38,1077.14,0.0,572,7,2026-04-12T19:54:07.399289
traditional,C3,39,984.89,0.0,545,7,2026-04-12T19:54:07.399310
traditional,C3,40,1160.0,0.0,428,7,2026-04-12T19:54:07.399334
traditional,C3,41,1450.35,0.0,638,7,2026-04-12T19:54:07.399354
traditional,C3,42,1107.56,0.0,525,7,2026-04-12T19:54:07.399371
traditional,C3,43,1185.23,0.0,603,7,2026-04-12T19:54:07.399384
traditional,C3,44,924.27,0.0,549,7,2026-04-12T19:54:07.399401
traditional,C3,45,1227.71,0.0,457,7,2026-04-12T19:54:07.399414
traditional,C3,46,1075.63,0.0,454,7,2026-04-12T19:54:07.399428
traditional,C3,47,1099.61,0.0,600,7,2026-04-12T19:54:07.399444
traditional,C3,48,1307.25,0.0,527,7,2026-04-12T19:54:07.399457
traditional,C3,49,1389.94,0.0,461,7,2026-04-12T19:54:07.399471
traditional,C3,50,1176.09,0.0,510,7,2026-04-12T19:54:07.399603
traditional,C3,51,1204.69,0.0,503,7,2026-04-12T19:54:07.399625
traditional,C3,52,1674.95,0.0,433,7,2026-04-12T19:54:07.399643
traditional,C3,53,1051.09,0.0,401,7,2026-04-12T19:54:07.399666
traditional,C3,54,1191.95,0.0,564,7,2026-04-12T19:54:07.399684
traditional,C3,55,1182.11,0.0,542,7,2026-04-12T19:54:07.399698
traditional,C3,56,1063.95,0.0,603,7,2026-04-12T19:54:07.399711
traditional,C3,57,1653.74,0.0,499,7,2026-04-12T19:54:07.399725
traditional,C3,58,1104.99,0.0,460,7,2026-04-12T19:54:07.399740
traditional,C3,59,1451.2,0.0,519,7,2026-04-12T19:54:07.399753
traditional,C3,60,1324.3,0.0,576,7,2026-04-12T19:54:07.399767
traditional,C3,61,1143.94,0.0,546,7,2026-04-12T19:54:07.399805
traditional,C3,62,1242.69,0.0,473,7,2026-04-12T19:54:07.399819
traditional,C3,63,1101.61,0.0,554,7,2026-04-12T19:54:07.399832
traditional,C3,64,1345.74,0.0,421,7,2026-04-12T19:54:07.399846
traditional,C3,65,1466.29,0.0,603,7,2026-04-12T19:54:07.399859
traditional,C3,66,1356.55,0.0,506,7,2026-04-12T19:54:07.399876
traditional,C3,67,1129.57,0.0,555,7,2026-04-12T19:54:07.399889
traditional,C3,68,1072.83,0.0,416,7,2026-04-12T19:54:07.399903
traditional,C3,69,809.04,0.0,593,7,2026-04-12T19:54:07.399922
traditional,C3,70,739.0,0.0,510,7,2026-04-12T19:54:07.399948
traditional,C3,71,1448.83,0.0,472,7,2026-04-12T19:54:07.399962
traditional,C3,72,1403.54,0.0,441,7,2026-04-12T19:54:07.399986
traditional,C3,73,1192.3,0.0,599,7,2026-04-12T19:54:07.400003
traditional,C3,74,1280.7,0.0,473,7,2026-04-12T19:54:07.400017
traditional,C3,75,1211.68,0.0,550,7,2026-04-12T19:54:07.400153
traditional,C3,76,1019.73,0.0,501,7,2026-04-12T19:54:07.400181
traditional,C3,77,1337.09,0.0,532,7,2026-04-12T19:54:07.400204
traditional,C3,78,763.35,0.0,520,7,2026-04-12T19:54:07.400229
traditional,C3,79,1385.95,0.0,532,7,2026-04-12T19:54:07.400252
traditional,C3,80,1012.57,0.0,456,7,2026-04-12T19:54:07.400283
traditional,C3,81,1189.31,0.0,556,7,2026-04-12T19:54:07.400305
traditional,C3,82,1255.93,0.0,551,7,2026-04-12T19:54:07.400320
traditional,C3,83,1046.05,0.0,426,7,2026-04-12T19:54:07.400344
traditional,C3,84,1212.43,0.0,442,7,2026-04-12T19:54:07.400368
traditional,C3,85,1674.15,0.0,504,7,2026-04-12T19:54:07.400382
traditional,C3,86,1372.28,0.0,532,7,2026-04-12T19:54:07.400404
traditional,C3,87,1568.06,0.0,586,7,2026-04-12T19:54:07.400421
traditional,C3,88,1471.36,0.0,449,7,2026-04-12T19:54:07.400435
traditional,C3,89,1339.49,0.0,566,7,2026-04-12T19:54:07.400451
traditional,C3,90,1408.91,0.0,435,7,2026-04-12T19:54:07.400467
traditional,C3,91,874.88,0.0,534,7,2026-04-12T19:54:07.400481
traditional,C3,92,1107.05,0.0,530,7,2026-04-12T19:54:07.400496
traditional,C3,93,973.38,0.0,360,7,2026-04-12T19:54:07.400510
traditional,C3,94,772.17,0.0,467,7,2026-04-12T19:54:07.400525
traditional,C3,95,1414.43,0.0,546,7,2026-04-12T19:54:07.400539
traditional,C3,96,1862.05,0.0,487,7,2026-04-12T19:54:07.400553
traditional,C3,97,960.86,0.0,569,7,2026-04-12T19:54:07.400567
traditional,C3,98,802.69,0.0,554,7,2026-04-12T19:54:07.400581
traditional,C3,99,947.18,0.0,547,7,2026-04-12T19:54:07.400595
